﻿Measure Name,ID,Class,Type,MSR_ID,MSR_ID_SUBCAT,MSR_COMP_ID,Numerator,MSR_GRP_DESC,MSR_CATG_DESC,MSR_UNIT,MSR_NAME_PRINT,INVERT
Adherence to Mood Stabilizers for Individuals with Bipolar I Disorder,NQF 1880,P4P,PC,BMS,BMS,BMS-NUM,1,Effectiveness of Care,Behavioral Health,100,Adherence to Mood Stabilizers for Individuals with Bipolar I Disorder,N
Adherence to Mood Stabilizers for Individuals with Bipolar I Disorder,NQF 1880,P4P,PC,BMS,BMS,BMS-DEN,0,Effectiveness of Care,Behavioral Health,100,Adherence to Mood Stabilizers for Individuals with Bipolar I Disorder,N
Antidepressant Medication Management – Effective Acute Phase Treatment & Effective Continuation Phase Treatment,NQF 0105,P4P,PC,AMM,AMM-C,AMM-DEN,0,Effectiveness of Care,Behavioral Health,100,Antidepressant Medication Management - Effective Continuation Phase Treatment,N
Antidepressant Medication Management – Effective Acute Phase Treatment & Effective Continuation Phase Treatment,NQF 0105,P4P,PC,AMM,AMM-A,AMM-ACUTE-DEN,0,Effectiveness of Care,Behavioral Health,100,Antidepressant Medication Management - Effective Acute Phase Treatment,N
Antidepressant Medication Management – Effective Acute Phase Treatment & Effective Continuation Phase Treatment,NQF 0105,P4P,PC,AMM,AMM-C,AMM-CONT,1,Effectiveness of Care,Behavioral Health,100,Antidepressant Medication Management - Effective Continuation Phase Treatment,N
Antidepressant Medication Management – Effective Acute Phase Treatment & Effective Continuation Phase Treatment,NQF 0105,P4P,PC,AMM,AMM-A,AMM-ACUTE,1,Effectiveness of Care,Behavioral Health,100,Antidepressant Medication Management - Effective Acute Phase Treatment,N
Asthma Medication Ratio,NQF 1800,P4P,PC,AMR,AMR,AMR-DEN,0,Effectiveness of Care,Respiratory Conditions,100,Asthma Medication Ratio,N
Asthma Medication Ratio,NQF 1800,P4P,PC,AMR,AMR,AMR-NUM,1,Effectiveness of Care,Respiratory Conditions,100,Asthma Medication Ratio,N
Breast Cancer Screening,NQF 2372,P4P,PC,BCS,BCS,BCS-DEN,0,Effectiveness of Care,Prevention and Screening,100,Breast Cancer Screening,N
Breast Cancer Screening,NQF 2372,P4P,PC,BCS,BCS,BCS-NUM,1,Effectiveness of Care,Prevention and Screening,100,Breast Cancer Screening,N
Cervical Cancer Screening,NQF 0032,P4P,PC,CCS,CCS,CCS-DEN,0,Effectiveness of Care,Prevention and Screening,100,Cervical Cancer Screening,N
Cervical Cancer Screening,NQF 0032,P4P,PC,CCS,CCS,CCS-NUM,1,Effectiveness of Care,Prevention and Screening,100,Cervical Cancer Screening,N
Chlamydia Screening in Women,NQF 0033,P4P,PC,CHL,CHL,CHL-NUM,1,Effectiveness of Care,Prevention and Screening,100,Chlamydia Screening in Women,N
Chlamydia Screening in Women,NQF 0033,P4P,PC,CHL,CHL,CHL-DEN,0,Effectiveness of Care,Prevention and Screening,100,Chlamydia Screening in Women,N
Colorectal Cancer Screening,NQF 0034,P4P,PC,COL,COL,COL-NUM,1,Effectiveness of Care,Prevention and Screening,100,Colorectal Cancer Screening,N
Colorectal Cancer Screening,NQF 0034,P4P,PC,COL,COL,COL-DEN,0,Effectiveness of Care,Prevention and Screening,100,Colorectal Cancer Screening,N
Diabetes Screening for People w/ Schizophrenia or Bipolar Disorder Using Antipsychotic Medications,NQF 1932,P4P,PC,SSD,SSD,SSD-NUM,1,Effectiveness of Care,Behavioral Health,100,Diabetes Screening for People w/ Schizophrenia or Bipolar Disorder Using Antipsychotic Medications,N
Diabetes Screening for People w/ Schizophrenia or Bipolar Disorder Using Antipsychotic Medications,NQF 1932,P4P,PC,SSD,SSD,SSD-DEN,0,Effectiveness of Care,Behavioral Health,100,Diabetes Screening for People w/ Schizophrenia or Bipolar Disorder Using Antipsychotic Medications,N
Initiation and Engagement of Alcohol & Other Drug Abuse or Dependence Treatment (IET),NQF 0004,P4P,PC,IET-V2,IETV2-INI,IETV2-INI-DEN,0,Access/Availability of Care,Access/Availability of Care,100,Initiation of Alcohol & Other Drug Abuse or Dependence Treatment (IET),N
Initiation and Engagement of Alcohol & Other Drug Abuse or Dependence Treatment (IET),NQF 0004,P4P,PC,IET-V2,IETV2-ENG,IETV2-DEN,0,Access/Availability of Care,Access/Availability of Care,100,Engagement of Alcohol & Other Drug Abuse or Dependence Treatment (IET),N
Initiation and Engagement of Alcohol & Other Drug Abuse or Dependence Treatment (IET),NQF 0004,P4P,PC,IET-V2,IETV2-INI,IETV2-INI,1,Access/Availability of Care,Access/Availability of Care,100,Initiation of Alcohol & Other Drug Abuse or Dependence Treatment (IET),N
Initiation and Engagement of Alcohol & Other Drug Abuse or Dependence Treatment (IET),NQF 0004,P4P,PC,IET-V2,IETV2-ENG,IETV2-ENG,1,Access/Availability of Care,Access/Availability of Care,100,Engagement of Alcohol & Other Drug Abuse or Dependence Treatment (IET),N
Medication Management for People with Asthma,NQF 1799,P4P,PC,MMA,MMA-50,MMA-DEN,0,Effectiveness of Care,Respiratory Conditions,100,Medication Management for People with Asthma (50% Adherence),N
Medication Management for People with Asthma,NQF 1799,P4P,PC,MMA,MMA-75,MMA75-DEN,0,Effectiveness of Care,Respiratory Conditions,100,Medication Management for People with Asthma (75% Adherence),N
Medication Management for People with Asthma,NQF 1799,P4P,PC,MMA,MMA-50,MMA50-NUM,1,Effectiveness of Care,Respiratory Conditions,100,Medication Management for People with Asthma (50% Adherence),N
Medication Management for People with Asthma,NQF 1799,P4P,PC,MMA,MMA-75,MMA75-NUM,1,Effectiveness of Care,Respiratory Conditions,100,Medication Management for People with Asthma (75% Adherence),N
Adherence to Antipsychotic Medications for Individuals with Schizophrenia,NQF 1879,P4P,MH,SAA,SAA,SAA-NUM,1,Effectiveness of Care,Behavioral Health,100,Adherence to Antipsychotic Medications for Individuals with Schizophrenia,N
Adherence to Antipsychotic Medications for Individuals with Schizophrenia,NQF 1879,P4P,MH,SAA,SAA,SAA-DEN,0,Effectiveness of Care,Behavioral Health,100,Adherence to Antipsychotic Medications for Individuals with Schizophrenia,N
Follow–Up After Emergency Department Visit for Mental Illness,NQF 2605,P4P,MH,FUM,FUM-7,FUM-DEN,0,Effectiveness of Care,Behavioral Health - Follow-Up,100,Follow-Up After Emergency Department Visit for Mental Illness (7 Days),N
Follow–Up After Emergency Department Visit for Mental Illness,NQF 2605,P4P,MH,FUM,FUM-30,FUM-30-DEN,0,Effectiveness of Care,Behavioral Health - Follow-Up,100,Follow-Up After Emergency Department Visit for Mental Illness (30 Days),N
Follow–Up After Emergency Department Visit for Mental Illness,NQF 2605,P4P,MH,FUM,FUM-7,FUM-NUM-07,1,Effectiveness of Care,Behavioral Health - Follow-Up,100,Follow-Up After Emergency Department Visit for Mental Illness (7 Days),N
Follow–Up After Emergency Department Visit for Mental Illness,NQF 2605,P4P,MH,FUM,FUM-30,FUM-NUM-30,1,Effectiveness of Care,Behavioral Health - Follow-Up,100,Follow-Up After Emergency Department Visit for Mental Illness (30 Days),N
Follow–Up After Hospitalization for Mental Illness,NQF 0576,P4P,MH,FUH-V2,FUH-V2-7,FUHV2-DEN,0,Effectiveness of Care,Behavioral Health - Follow-Up,100,Follow-Up After Hospitalization for Mental Illness (7 Days),N
Follow–Up After Hospitalization for Mental Illness,NQF 0576,P4P,MH,FUH-V2,FUH-V2-30,FUH30V2-DEN,0,Effectiveness of Care,Behavioral Health - Follow-Up,100,Follow-Up After Hospitalization for Mental Illness (30 Days),N
Follow–Up After Hospitalization for Mental Illness,NQF 0576,P4P,MH,FUH-V2,FUH-V2-7,FUH07V2NUM,1,Effectiveness of Care,Behavioral Health - Follow-Up,100,Follow-Up After Hospitalization for Mental Illness (7 Days),N
Follow–Up After Hospitalization for Mental Illness,NQF 0576,P4P,MH,FUH-V2,FUH-V2-30,FUH30V2NUM,1,Effectiveness of Care,Behavioral Health - Follow-Up,100,Follow-Up After Hospitalization for Mental Illness (30 Days),N
Follow–Up After Emergency Department Visit for Alcohol and Other Drug Dependence,NQF 2605,P4P,SUD,FUA,FUA-7,FUA-DEN,0,Effectiveness of Care,Behavioral Health - Follow-Up,100,Follow-Up After Emergency Department Visit for Alcohol and Other Drug Dependence (7 Days),N
Follow–Up After Emergency Department Visit for Alcohol and Other Drug Dependence,NQF 2605,P4P,SUD,FUA,FUA-30,FUA-30-DEN,0,Effectiveness of Care,Behavioral Health - Follow-Up,100,Follow-Up After Emergency Department Visit for Alcohol and Other Drug Dependence (30 Days),N
Follow–Up After Emergency Department Visit for Alcohol and Other Drug Dependence,NQF 2605,P4P,SUD,FUA,FUA-7,FUA-NUM-07,1,Effectiveness of Care,Behavioral Health - Follow-Up,100,Follow-Up After Emergency Department Visit for Alcohol and Other Drug Dependence (7 Days),N
Follow–Up After Emergency Department Visit for Alcohol and Other Drug Dependence,NQF 2605,P4P,SUD,FUA,FUA-30,FUA-NUM-30,1,Effectiveness of Care,Behavioral Health - Follow-Up,100,Follow-Up After Emergency Department Visit for Alcohol and Other Drug Dependence (30 Days),N
Pharmacotherapy for Opioid Use Disorder (POD),NQF 3175,P4P,SUD,POO,POO,POO-DEN,0,Effectiveness of Care,Behavioral Health - Follow-Up,100,Pharmacotherapy for Opioid Use Disorder (POD),N
Pharmacotherapy for Opioid Use Disorder (POD),NQF 3175,P4P,SUD,POO,POO,POO-NUM,1,Effectiveness of Care,Behavioral Health - Follow-Up,100,Pharmacotherapy for Opioid Use Disorder (POD),N
Asthma Admission Rate - PDI #14,NQF 0728,P4P,Child,PDI14,PDI14,PDI14-DEN,0,,Pediatric Admission,100000,Asthma Admission Rate - PDI #14,Y
Asthma Admission Rate - PDI #14,NQF 0728,P4P,Child,PDI14,PDI14,PDI14-NUM,1,,Pediatric Admission,100000,Asthma Admission Rate - PDI #14,Y
Immunizations for Adolescents – Combination 2,NQF 1407,P4P,Child,IMA,IMA,IMA-DEN,0,Effectiveness of Care,Prevention and Screening,100,Immunizations for Adolescents - Combination 2,N
Immunizations for Adolescents – Combination 2,NQF 1407,P4P,Child,IMA,IMA,IMA-NUM,1,Effectiveness of Care,Prevention and Screening,100,Immunizations for Adolescents - Combination 2,N
Follow-Up Care for Children Prescribed ADHD Medication,,,,ADD1,ADD1,ADD1-NUM,1,Effectiveness of Care,Behavioral Health,100,Follow-Up Care for Children Prescribed ADHD Medication,N
Follow-Up Care for Children Prescribed ADHD Medication,,,,ADD1,ADD1,ADD1-DEN,0,Effectiveness of Care,Behavioral Health,100,Follow-Up Care for Children Prescribed ADHD Medication,N
Use of First-Line Psychosocial Care for Children and Adolescents on Antipsychotics,,,,APP,APP,APP-NUM,1,Access/Availability of Care,Access/Availability of Care,100,Use of First-Line Psychosocial Care for Children and Adolescents on Antipsychotics,N
Use of First-Line Psychosocial Care for Children and Adolescents on Antipsychotics,,,,APP,APP,APP-DEN,0,Access/Availability of Care,Access/Availability of Care,100,Use of First-Line Psychosocial Care for Children and Adolescents on Antipsychotics,N
Initiation of Pharmacotherapy upon New Episode of Opioid Dependence,,,,POD-N,POD-N,POD-N-DEN,0,Effectiveness of Care,Behavioral Health,100,Initiation of Pharmacotherapy upon New Episode of Opioid Dependence,N
Initiation of Pharmacotherapy upon New Episode of Opioid Dependence,,,,POD-N,POD-N,POD-N-NUM,1,Effectiveness of Care,Behavioral Health,100,Initiation of Pharmacotherapy upon New Episode of Opioid Dependence,N
Utilization of Pharmacotherapy for Alcohol Abuse or Dependence,,,,POA,POA,POA-DEN,0,Effectiveness of Care,Behavioral Health,100,Utilization of Pharmacotherapy for Alcohol Abuse or Dependence,N
Utilization of Pharmacotherapy for Alcohol Abuse or Dependence,,,,POA,POA,POA-NUM,1,Effectiveness of Care,Behavioral Health,100,Utilization of Pharmacotherapy for Alcohol Abuse or Dependence,N
Low Birth Weight Rate,,,,PQI09,PQI09,PQI09-DEN,0,,Pediatric Admission,1000,Low Birth Weight Rate,Y
Low Birth Weight Rate,,,,PQI09,PQI09,PQI09-NUM,1,,Pediatric Admission,1000,Low Birth Weight Rate,Y
Continuity of Care from Inpatient Detox to Lower Level of Care,,,,COD,COD,COD-DEN,0,Effectiveness of Care,Behavioral Health,100,Continuity of Care from Inpatient Detox to Lower Level of Care,N
Continuity of Care from Inpatient Detox to Lower Level of Care,,,,COD,COD,COD-NUM,1,Effectiveness of Care,Behavioral Health,100,Continuity of Care from Inpatient Detox to Lower Level of Care,N
Continuity of Care from Inpatient Rehabilitation for Alcohol and Other Drug Abuse or Dependence Treatment to Lower Level of Care,,,,COR,COR,COR-DEN,0,Effectiveness of Care,Behavioral Health,100,Continuity of Care from Inpatient Rehabilitation for Alcohol and Other Drug Abuse or Dependence Treatment to Lower Level of Care,N
Continuity of Care from Inpatient Rehabilitation for Alcohol and Other Drug Abuse or Dependence Treatment to Lower Level of Care,,,,COR,COR,COR-NUM,1,Effectiveness of Care,Behavioral Health,100,Continuity of Care from Inpatient Rehabilitation for Alcohol and Other Drug Abuse or Dependence Treatment to Lower Level of Care,N
Use of Spirometry Testing in the Assessment  and Diagnosis of COPD,,,,SPR,SPR,SPR-DEN,0,Effectiveness of Care,Respiratory Conditions,100,Use of Spirometry Testing in the Assessment  and Diagnosis of COPD,N
Use of Spirometry Testing in the Assessment  and Diagnosis of COPD,,,,SPR,SPR,SPR-NUM,1,Effectiveness of Care,Respiratory Conditions,100,Use of Spirometry Testing in the Assessment  and Diagnosis of COPD,N
