MBR_FISCAL_COUNTY,NYS_GIS_COUNTY,DFRS_REGION
ALBANY,Albany,Northeast
ALLEGANY,Allegany,Finger Lakes
BRONX,Bronx,New York City
BROOME,Broome,Finger Lakes
CATTARAUGUS,Cattaraugus,Finger Lakes
CAYUGA,Cayuga,Central
CHAUTAUQUA,Chautauqua,Finger Lakes
CHEMUNG,Chemung,Finger Lakes
CHENANGO,Chenango,Central
CLINTON,Clinton,Utica-Adirondack
COLUMBIA,Columbia,Central
CORTLAND,Cortland,Central
DELAWARE,Delaware,Central
DUTCHESS,Dutchess,Mid-Hudson
ERIE,Erie,Western
ESSEX,Essex,Utica-Adirondack
FRANKLIN,Franklin,Utica-Adirondack
FULTON,Fulton,Northeast
GENESEE,Genesee,Western
GREENE,Greene,Central
HAMILTON,Hamilton,Utica-Adirondack
HERKIMER,Herkimer,Utica-Adirondack
JEFFERSON,Jefferson,Utica-Adirondack
KINGS (BROOKLYN),Kings,New York City
LEWIS,Lewis,Utica-Adirondack
LIVINGSTON,Livingston,Finger Lakes
MADISON,Madison,Central
MONROE,Monroe,Western
MONTGOMERY,Montgomery,Northeast
NASSAU,Nassau,Long Island
NEW YORK (MANHATTAN),New York,New York City
NEW YORK CITY,Other,Other
NEW YORK FISCAL- OTHER RESIDENTIAL,Other,Other
NIAGARA,Niagara,Western
NYS DEPT OF HEALTH,Other,Other
NYS OMH,Other,Other
NYS OMR,Other,Other
ONEIDA,Oneida,Utica-Adirondack
ONONDAGA,Onondaga,Central
ONTARIO,Ontario,Finger Lakes
ORANGE,Orange,Mid-Hudson
ORLEANS,Orleans,Western
OSWEGO,Oswego,Utica-Adirondack
OTSEGO,Otsego,Central
PUTNAM,Putnam,Northern Metro
QUEENS,Queens,New York City
RENSSELAER,Rensselaer,Northeast
RICHMOND (STATEN ISLAND),Richmond,New York City
ROCKLAND,Rockland,Northern Metro
SAINT LAWRENCE,St Lawrence,Utica-Adirondack
SARATOGA,Saratoga,Northeast
SCHENECTADY,Schenectady,Northeast
SCHOHARIE,Schoharie,Central
SCHUYLER,Schuyler,Finger Lakes
SENECA,Seneca,Finger Lakes
STEUBEN,Steuben,Finger Lakes
SUFFOLK,Suffolk,Long Island
SULLIVAN,Sullivan,Mid-Hudson
TIOGA,Tioga,Finger Lakes
TOMPKINS,Tompkins,Central
ULSTER,Ulster,Mid-Hudson
WARREN,Warren,Northeast
WASHINGTON,Washington,Northeast
WAYNE,Wayne,Finger Lakes
WESTCHESTER,Westchester,Northern Metro
WYOMING,Wyoming,Western
YATES,Yates,Finger Lakes
