[
  {
    "secind": "01",
    "figind": "01",
    "section": "Executive Summary",
    "row": "0",
    "title": "Table 1.1: Cohort Member Inclusion",
    "path": "images/data_quality_table.html",
    "width": "8.25in",
    "height": "2.5in",
    "caption": "This table shows the number of Client Identification Numbers (CINs) submitted upon which the cohort population is based and those that have been excluded leading to a final count of member CINs used for analysis in this report. Numbers are stratified between Dual eligible and Non-Dual eligible members, which have separate reports generated for each. See the header of the report to determine Dual/Non-Dual status. Members without complete eligibility, spend, and utilization data are excluded; spending and utilization data is sourced from 3M Total Cost of Care (TCC) files. ",
    "br": ""
  },
  {
    "secind": "01",
    "figind": "02",
    "section": "Executive Summary",
    "row": "1",
    "title": "Table 1.2: Cohort Spend Summary",
    "path": "images/population_summary_table.html",
    "width": "8.25in",
    "height": "2.5in",
    "caption": "This table shows member and spend statistics about the cohort and comparison populations. Note the number of members enrolled in the last month of the reporting period is used as a benchmark for commonly reported Databook enrollment statistics. Capitation payments are those made to Managed Care plans by the State as insurance premiums. FFS amounts are sourced from MDW claims and Plan Reported amounts are sourced from MDW encounters. ",
    "br": ""
  },
  {
    "secind": "01",
    "figind": "03",
    "section": "Executive Summary",
    "row": "2",
    "title": "Table 1.3a: Spend by Category of Service",
    "path": "images/cos_spend_table.html",
    "width": "8.25in",
    "height": "4in",
    "caption": "This table breaks out per member per month (PMPM) spend across the six 3M-defined Categories of Service (COS) in the Total Cost of Care (TCC) files. Spend shown represents FFS + Plan Reported Amount.",
    "br": ""
  },
  {
    "secind": "01",
    "figind": "04",
    "section": "Executive Summary",
    "row": "3",
    "title": "Figure 1.3b: % of Spend by Category of Service",
    "path": "images/cos_pmpm.png",
    "width": "8in",
    "height": "3.5in",
    "caption": "Categories of service as defined by 3M Total Cost of Care.",
    "br": ""
  },
  {
    "secind": "01",
    "figind": "05",
    "section": "Executive Summary",
    "row": "4",
    "title": "Figure 1.4: Cohort Enrollment by Month",
    "path": "images/mbr_trend.png",
    "width": "8in",
    "height": "3.5in",
    "caption": "This view shows enrollment trends for the cohort members from 2015 - present by month; enrollment is shown as % of total enrollment at the last month of the year (e.g., for Calendar Year 2020, the vertical axis shows cohort enrollment at current month / cohort enrollment at December 2020). This information is subject to enrollment lag and will not be considered for the most recent 3 months of enrollment data from the running of the report.",
    "br": ""
  },
  {
    "secind": "02",
    "figind": "01",
    "section": "Demographics",
    "row": "0",
    "title": "Figure 2.1: Member Sex Distribution",
    "path": "images/mbr_sex.png",
    "width": "3.9in",
    "height": "3.5in",
    "caption": "Note: that for all demographic summaries the information shown is associated with members' last month of enrollment during the reporting period.",
    "br": "1"
  },
  {
    "secind": "02",
    "figind": "02",
    "section": "Demographics",
    "row": "0",
    "title": "Figure 2.2: Managed Care (MC)/Fee-For-Service (FFS) Distribution",
    "path": "images/mcffs.png",
    "width": "3.9in",
    "height": "3.5in",
    "caption": "This view shows the Managed Care (MC) and Fee-for-Serivce (FFS) breakdown for the Cohort versus the comparison population. Note: that for all demographic summaries the information shown is associated with members' last month of enrollment during the reporting period.",
    "br": ""
  },
  {
    "secind": "02",
    "figind": "03",
    "section": "Demographics",
    "row": "1",
    "title": "Figure 2.3: Member Age Distribution",
    "path": "images/mbr_age.png",
    "width": "8in",
    "height": "3.5in",
    "caption": "This view shows the age distribution for the cohort and comparison populations. Note: that for all demographic summaries the information shown is associated with members' last month of enrollment during the reporting period.",
    "br": ""
  },
  {
	"secind": "02",
    "figind": "04",
    "section": "Demographics",
    "row": "2",
    "title": "Figure 2.4: Member Race Distribution",
    "path": "images/mbr_race.png",
    "width": "8in",
    "height": "3.5in",
    "caption": "This view shows the distribution of members by race/ethnicity for both the cohort and comparison populations. Race/ethnicity data is self-reported by members. Note: that for all demographic summaries the information shown is associated with members' last month of enrollment during the reporting period.",
    "br": ""
  },
  {
    "secind": "02",
    "figind": "05",
    "section": "Demographics",
    "row": "3",
    "title": "Figure 2.5: Health Home Indicator Distribution",
    "path": "images/hh_ind.png",
    "width": "3.9in",
    "height": "3.5in",
    "caption": "This view shows Health Home status comparing the cohort and comparison populations. Note: that for all demographic summaries the information shown is associated with members' last month of enrollment during the reporting period.",
    "br": ""
  },
  {
	"secind": "02",
    "figind": "06",
    "section": "Demographics",
    "row": "4",
    "title": "Figure 2.6: Member 3M Clinical Risk Groups (CRG) Distribution",
    "path": "images/mbr_crg.png",
    "width": "8in",
    "height": "5in",
    "caption": "This view shows the distribution of members in each 3M condition status code, identified by the 3M Clinical Risk Grouping (CRG) grouper logic. CRGs come from the Version 2.1 grouper, using the concurrent model. CRG data is not available for all members due to 3M business rules; however, typically greater than 90% of members have CRG data available. Note: that for all demographic summaries the information shown is associated with members' last month of enrollment during the reporting period.",
    "br": ""
  },
  {
    "secind": "02",
    "figind": "07",
    "section": "Demographics",
    "row": "5",
    "title": "Figure 2.7: % Members by Premium Group",
    "path": "images/spend_pg.png",
    "width": "8in",
    "height": "3.25in",
    "caption": "This view shows the breakdown by premium group comparing the cohort and comparison populations, sorted in descending order by the % of membership. The ‘Newly’ category is composed of adults who were newly eligible for Medicaid pursuant to the Medicaid expansion for adults in the Patient Protection and Affordable Care Act (ACA). The ‘Not Newly’ category is composed of adults covered by New York State prior to the implementation of the ACA pursuant to an 1115 Waiver program called Family Health Plus. Note: that for all demographic summaries the information shown is associated with members' last month of enrollment during the reporting period.",
    "br": ""
  },
  {
    "secind": "02",
    "figind": "08",
    "section": "Demographics",
    "row": "6",
    "title": "Figure 2.8: % Members by Coverage Type",
    "path": "images/plan_type.png",
    "width": "8in",
    "height": "3.25in",
    "caption": "This view shows the breakdown by coverage type comparing the cohort and comparison populations, sorted in descending order by % of membership. Note: that for all demographic summaries the information shown is associated with members' last month of enrollment during the reporting period.",
    "br": ""
  },
  {
    "secind": "02",
    "figind": "09",
    "section": "Demographics",
    "row": "7",
    "title": "Figure 2.9: % Member Months by Coverage",
    "path": "images/coverage_mm.png",
    "width": "8in",
    "height": "3.25in",
    "caption": "This view shows the top 10 coverages (plan or FFS) for the cohort population. Top 10 has been determined by the largest number of aggregate member months. Note: that for all demographic summaries the information shown is associated with members' last month of enrollment during the reporting period.",
    "br": ""
  },
  {
	"secind": "03",
    "figind": "01",
    "section": "Churn",
    "row": "0",
    "title": "Figure 3.1: Cohort Churn by Coverage Type",
    "path": "images/churn_group_cohort_pct.png",
    "width": "8in",
    "height": "4in",
    "caption": "The above crosstab shows churn of cohort members between coverage types from the first month of the reporting period to the last month of the reporting period. The row indicates the member’s coverage type at the start of the period and the column indicates the member’s coverage type at the end of the period. Darker cells indicate more common enrollment changes from one coverage type to another.  Members enrolled in either the beginning or end of the period (or both) are included. Members enrolled only in the beginning appear in the 'Not in Medicaid' column and only at the end in the 'Not in Medicaid' row. Members enrolled for short periods exclusively within the period are not shown in this graphic. This analysis does not consider any interim enrollment or status changes between the first and last month of the period.",    
	"br": "1"
  },
  {
	"secind": "03",
    "figind": "02",
    "section": "Churn",
    "row": "1",
    "title": "Figure 3.2: Comparison Churn by Coverage Type",
    "path": "images/churn_group_comp_pct.png",
    "width": "8in",
    "height": "4in",
    "caption": "The above crosstab shows churn of cohort members between coverage types from the first month of the reporting period to the last month of the reporting period. The row indicates the member’s coverage type at the start of the period and the column indicates the member’s coverage type at the end of the period. Darker cells indicate more common enrollment changes from one coverage type to another.  Members enrolled in either the beginning or end of the period (or both) are included. Members enrolled only in the beginning appear in the 'Not in Medicaid' column and only at the end in the 'Not in Medicaid' row. Members enrolled for short periods exclusively within the period are not shown in this graphic. This analysis does not consider any interim enrollment or status changes between the first and last month of the period.",    
	"br": ""
  },
  {
	"secind": "03",
    "figind": "03",
    "section": "Churn",
    "row": "2",
    "title": "Figure 3.3: Cohort Churn by Top Coverages",
    "path": "images/churn_plan_cohort_pct.png",
    "width": "8in",
    "height": "4in",
    "caption": "The above crosstab shows churn of cohort members between coverage types from the first month of the reporting period to the last month of the reporting period. The row indicates the member’s coverage type at the start of the period and the column indicates the member’s coverage type at the end of the period. Darker cells indicate more common enrollment changes from one coverage type to another.  Members enrolled in either the beginning or end of the period (or both) are included. Members enrolled only in the beginning appear in the 'Not in Medicaid' column and only at the end in the 'Not in Medicaid' row. Members enrolled for short periods exclusively within the period are not shown in this graphic. This analysis does not consider any interim enrollment or status changes between the first and last month of the period.",    
    "br": ""
  },
  {
	"secind": "03",
    "figind": "04",
    "section": "Churn",
    "row": "3",
    "title": "Figure 3.4: Comparison Churn by Top Coverages",
    "path": "images/churn_plan_comp_pct.png",
    "width": "8in",
    "height": "4in",
    "caption": "The above crosstab shows churn of cohort members between coverage types from the first month of the reporting period to the last month of the reporting period. The row indicates the member’s coverage type at the start of the period and the column indicates the member’s coverage type at the end of the period. Darker cells indicate more common enrollment changes from one coverage type to another.  Members enrolled in either the beginning or end of the period (or both) are included. Members enrolled only in the beginning appear in the 'Not in Medicaid' column and only at the end in the 'Not in Medicaid' row. Members enrolled for short periods exclusively within the period are not shown in this graphic. This analysis does not consider any interim enrollment or status changes between the first and last month of the period.",    
	"br": ""
  },
  {
    "secind": "04",
    "figind": "01",
    "section": "Geography",
    "row": "0",
    "title": "Figure 4.1: Cohort Members as % of All Statewide Members in County",
    "path": "images/nys_map.png",
    "width": "8in",
    "height": "6in",
    "caption": "This map shows the percent of all statewide Medicaid members (with eligibility & utilization data) in a county that are a part of the cohort. Shading is done via Quantiles, so each subdivision in the legend has the same number of counties. County information is derived from a member’s county of fiscal responsibility, with any members coded to non-geographic counties being dropped from this analysis. New York City county information is derived from the member’s residence county. ",
    "br": ""
  },
  {
    "secind": "04",
    "figind": "02",
    "section": "Geography",
    "row": "1",
    "title": "Figure 4.1a: Cohort Members as % of All Statewide Members in County (Downstate Inset)",
    "path": "images/nys_map_downstate.png",
    "width": "8in",
    "height": "3.5in",
    "caption": "This map is a detailed version of 4.1 focusing on the downstate area, showing the percent of all statewide Medicaid members (with eligibility & utilization data) in a county that are a part of the cohort. Shading is done via Quantiles, so each subdivision in the legend has the same # of counties. County information is derived from a member’s county of fiscal responsibility, with any non-geographic counties being dropped. ",
    "br": ""
  },
  {
    "secind": "04",
    "figind": "03",
    "section": "Geography",
    "row": "2",
    "title": "Figure 4.2: Cohort Members as % of All Statewide Members in ZIP",
    "path": "images/nys_map_zip_upstate.png",
    "width": "8in",
    "height": "6in",
    "caption": "This map shows the percent of all statewide Medicaid members (with eligibility & utilization data) in a given ZIP code that are a part of the cohort. Shading is done via Quantiles, so each subdivision has the same # of ZIPs. ZIP information is derived from a member’s residence ZIP. ",
    "br": ""
  },
  {
    "secind": "04",
    "figind": "04",
    "section": "Geography",
    "row": "3",
    "title": "Figure 4.2a: Cohort Members as % of All Statewide Members in ZIP (Downstate Inset)",
    "path": "images/nys_map_zip_downstate.png",
    "width": "8in",
    "height": "4in",
    "caption": "This map is a detailed version of 4.2 focusing on the downstate area, showing the percent of all statewide Medicaid members (with eligibility & utilization data) in a given ZIP code that are part of the Cohort. Shading is done via Quantiles, so each subdivision has the same # of ZIPs. ZIP information is derived from a member’s residence ZIP, which can and often is not in the county of fiscal responsibility. ",
    "br": ""
  },
  {
    "secind": "04",
    "figind": "05",
    "section": "Geography",
    "row": "4",
    "title": "Table 4.3: Members by Rate Setting Region",
    "path": "images/region_summary_table.html",
    "width": "8in",
    "height": "4in",
    "caption": "This table shows member statistics for the cohort and statewide population by DFRS rate setting region. Note that demographic information associated with members’ last month of enrollment during the year is shown.",
    "br": ""
  },
  {
    "secind": "05",
    "figind": "01",
    "section": "Efficiency & Preventables",
    "row": "0",
    "title": "Figure 5.1: Efficiency by Category of Service",
    "path": "images/cos_eff.png",
    "width": "3.9in",
    "height": "3.5in",
    "caption": "This view shows efficiency by 3M COS for the cohort. Efficiency = Actual Spend / Expected Spend (as calculated by 3M). Efficiency less than 1.0 indicates actual spend is less than expected spend; efficiency higher than 1.0 indicates that actual spend is greater than expected spend. A dotted like at 1.0 is shown for reference.",
    "br": "1"
  },
  {
    "secind": "05",
    "figind": "02",
    "section": "Efficiency & Preventables",
    "row": "0",
    "title": "Figure 5.2: Efficiency by Potentially Preventable Events (PPE)",
    "path": "images/ppe_eff.png",
    "width": "3.9in",
    "height": "3.5in",
    "caption": "This view shows efficiency by 3M Potentially-Preventable-Event (PPE) for the cohort. Efficiency = Actual Spend / Expected Spend. Efficiency less than 1.0 indicates actual spend is less than expected spend; efficiency higher than 1.0 indicates that actual spend is greater than expected spend. A dotted like at 1.0 is shown for reference.",
    "br": ""
  },
  {
    "secind": "05",
    "figind": "03",
    "section": "Efficiency & Preventables",
    "row": "1",
    "title": "Figure 5.3: Efficiency by Coverage",
    "path": "images/coverage_eff.png",
    "width": "8in",
    "height": "3.5in",
    "caption": "This view shows efficiency by coverage for the same 10 largest coverage as shown in Figure 2.9 for the cohort population. The top 10 has been determined based on total aggregate cohort member months. Efficiency less than 1.0 indicates actual spend is less than expected spend; efficiency higher than 1.0 indicates that actual spend is greater than expected spend.",
    "br": ""
  },
  {
    "secind": "05",
    "figind": "04",
    "section": "Efficiency & Preventables",
    "row": "2",
    "title": "Figure 5.4: Inpatient Discharges / 1,000 Members",
    "path": "images/ip_dsch.png",
    "width": "3.9in",
    "height": "3.5in",
    "caption": "This view shows inpatient discharges (as determined by 3M) per 1,000 members for the same top 10 largest coverage groups as in Figure 2.9 for the cohort population. The top 10 has been determined based on total aggregate cohort member months.",
    "br": ""
  },
  {
    "secind": "05",
    "figind": "05",
    "section": "Efficiency & Preventables",
    "row": "2",
    "title": "Figure 5.5: Potentially Preventable Readmissions",
    "path": "images/ip_ppr.png",
    "width": "3.9in",
    "height": "3.5in",
    "caption": "This view shows the % of inpatient discharges (as determined by 3M) that were Potentially Preventable Readmissions (PPR) for the cohort population for the top 10 largest coverage groups identified in Figure 2.9. % PPR is the count of PPR admissions divided by total admissions. The top 10 has been determined based on cohort member months. Inpatient readmissions are identified as ‘all-cause’ readmissions.",
    "br": ""
  },
  {
    "secind": "05",
    "figind": "06",
    "section": "Efficiency & Preventables",
    "row": "3",
    "title": "Figure 5.6: Prevalence of 3M Episode Disease Categories (EDC) / 1,000 Members",
    "path": "images/edc_plot.png",
    "width": "8in",
    "height": "4in",
    "caption": "This view shows prevalence of the top 10 largest Episode Disease Categories (EDC) per 1,000 comparing the cohort and comparison population for chronic conditions. The top 10 has been determined by the number of cohort members in each EDC.",
    "br": ""
  },
  {
    "secind": "06",
    "figind": "01",
    "section": "Outpatient Pharmacy",
    "row": "0",
    "title": "Figure 6.1: Pharmacy Spend by Age Group",
    "path": "images/rx_spend_by_age.html",
    "width": "8in",
    "height": "5in",
    "caption": "This table shows claim/encounter pharmacy spend for the cohort and comparison populations by DOH-defined age groupings. Pharmacy spend represents FFS + Plan Reported Amount; FFS amounts are sourced from MDW claims and Plan Reported amounts are sourced from MDW encounters. Pharmacy spend is gross with rebates not taken into account. Member age is based on the member's last month of enrollment during the time period. Note: claim/encounter pharmacy totals reported here will not necessarily match to 3M Total Cost of Care (TCC) reported pharmacy spend.",
    "br": ""
  },
  {
    "secind": "06",
    "figind": "02",
    "section": "Outpatient Pharmacy",
    "row": "1",
    "title": "Figure 6.2: Pharmacy Spend by Generic",
    "path": "images/rx_generic.png",
    "width": "3.9in",
    "height": "3.5in",
    "caption": "This figure shows the percentage of pharmacy spend by brand-name or generic for the cohort and comparison populations. Pharmacy spend represents FFS + Plan Reported Amount; FFS amounts are sourced from MDW claims and Plan Reported amounts are sourced from MDW encounters. Pharmacy spend is gross with rebates not taken into account. ",
    "br": ""
  },
  {
    "secind": "06",
    "figind": "03",
    "section": "Outpatient Pharmacy",
    "row": "1",
    "title": "Figure 6.3: Pharmacy Spend by Over-the-Counter (OTC)",
    "path": "images/rx_otc.png",
    "width": "3.9in",
    "height": "3.5in",
    "caption": "This figure shows the percentage of pharmacy spend by over-the-counter (OTC) or not OTC status for the cohort and comparison populations. Pharmacy spend represents FFS + Plan Reported Amount; FFS amounts are sourced from MDW claims and Plan Reported amounts are sourced from MDW encounters. Pharmacy spend is gross with rebates not taken into account. ",
    "br": ""
  },
  {
    "secind": "06",
    "figind": "04",
    "section": "Outpatient Pharmacy",
    "row": "2",
    "title": "Figure 6.4: Top 10 Therapeutic Drug Classes for Cohort",
    "path": "images/rx_classes.png",
    "width": "8in",
    "height": "3in",
    "caption": "This figure shows the top 10 therapeutic drug classes utilized by the cohort based on total pharmacy spend. Pharmacy spend represents FFS + Plan Reported Amount; FFS amounts are sourced from MDW claims and Plan Reported amounts are sourced from MDW encounters. Pharmacy spend is gross with rebates not taken into account. ",
    "br": ""
  },
  {
    "secind": "06",
    "figind": "05",
    "section": "Outpatient Pharmacy",
    "row": "3",
    "title": "Figure 6.5: Paid Amount PMPM for Therapeutic Drug Classes",
    "path": "images/rx_classes_pmpm.png",
    "width": "8in",
    "height": "3in",
    "caption": "This figure shows the paid amount per member per month (PMPM) for the same top 10 therapeutic drug classes identified in Figure 6.4 for both the cohort and the comparison population. Pharmacy spend represents FFS + Plan Reported Amount; FFS amounts are sourced from MDW claims and Plan Reported amounts are sourced from MDW encounters. Pharmacy spend is gross with rebates not taken into account. ",
    "br": ""
  },
  {
    "secind": "06",
    "figind": "06",
    "section": "Outpatient Pharmacy",
    "row": "4",
    "title": "Figure 6.6: Top 10 Brand Names for Cohort",
    "path": "images/rx_brand.png",
    "width": "8in",
    "height": "3in",
    "caption": "This figure shows the top 10 drug brand names utilized by the cohort based on total pharmacy spend. Pharmacy spend represents FFS + Plan Reported Amount; FFS amounts are sourced from MDW claims and Plan Reported amounts are sourced from MDW encounters. Pharmacy spend is gross with rebates not taken into account. ",
    "br": ""
  },
  {
    "secind": "06",
    "figind": "07",
    "section": "Outpatient Pharmacy",
    "row": "5",
    "title": "Figure 6.7: Paid Amount PMPM for Brand Names",
    "path": "images/rx_brand_pmpm.png",
    "width": "8in",
    "height": "3in",
    "caption": "This figure shows the paid amount per member per month (PMPM) for the same top 10 drug brand names identified in Figure 6.6 for both the cohort and the comparison populations. Pharmacy spend represents FFS + Plan Reported Amount; FFS amounts are sourced from MDW claims and Plan Reported amounts are sourced from MDW encounters. Pharmacy spend is gross with rebates not taken into account. ",
    "br": ""
  },
  {
    "secind": "06",
    "figind": "08",
    "section": "Outpatient Pharmacy",
    "row": "6",
    "title": "Figure 6.8: Top 10 National Drug Codes (NDCs) for Cohort",
    "path": "images/rx_ndc.png",
    "width": "8in",
    "height": "3in",
    "caption": "This figure shows the top 10 national drug codes (NDCs) with the corresponding drug name for the cohort based on total pharmacy spend. Pharmacy spend represents FFS + Plan Reported Amount; FFS amounts are sourced from MDW claims and Plan Reported amounts are sourced from MDW encounters. Pharmacy spend is gross with rebates not taken into account. ",
    "br": ""
  },
  {
    "secind": "06",
    "figind": "09",
    "section": "Outpatient Pharmacy",
    "row": "7",
    "title": "Figure 6.9: Paid Amount PMPM for National Drug Codes (NDCs)",
    "path": "images/rx_ndc_pmpm.png",
    "width": "8in",
    "height": "3in",
    "caption": "This figure shows the paid amount per member per month (PMPM) for the same top 10 NDCs identified in Figure 6.8 for the cohort and the comparison populations. Pharmacy spend represents FFS + Plan Reported Amount; FFS amounts are sourced from MDW claims and Plan Reported amounts are sourced from MDW encounters. Pharmacy spend is gross with rebates not taken into account. ",
    "br": ""
  },
  {
    "secind": "07",
    "figind": "01",
    "section": "Lab",
    "row": "0",
    "title": "Table 7.1: Lab Utilization Summary",
    "path": "images/lab_summary_table.html",
    "width": "6.5in",
    "height": "4in",
    "caption": "This table summarizes key measures regarding lab claims and lab-related spend for the cohort and comparison populations. Lab spend represents FFS + Plan Reported Amount; FFS amounts are sourced from MDW claims and Plan Reported amounts are sourced from MDW encounters.",
    "br": ""
  },
  {
    "secind": "07",
    "figind": "02",
    "section": "Lab",
    "row": "1",
    "title": "Figure 7.2: Top 10 Lab Code Categories for Cohort",
    "path": "images/lab_code_cat.png",
    "width": "8in",
    "height": "3in",
    "caption": "This figure shows the top 10 code categories for the cohort based on total lab spend. Code category is a DOH-defined grouping. Lab spend represents FFS + Plan Reported Amount; FFS amounts are sourced from MDW claims and Plan Reported amounts are sourced from MDW encounters.",
    "br": ""
  },
  {
    "secind": "07",
    "figind": "03",
    "section": "Lab",
    "row": "2",
    "title": "Figure 7.3: Paid Amount PMPM for Lab Code Categories",
    "path": "images/lab_code_cat_pmpm.png",
    "width": "8in",
    "height": "3in",
    "caption": "This figure shows the lab spend per member per month (PMPM) for the same top 10 code categories identified in Figure 7.2. Lab spend represents FFS + Plan Reported Amount; FFS amounts are sourced from MDW claims and Plan Reported amounts are sourced from MDW encounters.",
    "br": ""
  },
  {
    "secind": "07",
    "figind": "04",
    "section": "Lab",
    "row": "3",
    "title": "Figure 7.4: Top 10 Lab Procedure Codes for Cohort",
    "path": "images/lab_proc.png",
    "width": "8in",
    "height": " 3in",
    "caption": "This figure shows the top 10 lab procedure codes with corresponding descriptions for the cohort based on total lab spend. Lab spend represents FFS + Plan Reported Amount; FFS amounts are sourced from MDW claims and Plan Reported amounts are sourced from MDW encounters.",
    "br": ""
  },
  {
    "secind": "07",
    "figind": "05",
    "section": "Lab",
    "row": "4",
    "title": "Figure 7.5: Paid Amount PMPM for Lab Procedure Codes",
    "path": "images/lab_proc_pmpm.png",
    "width": "8in",
    "height": "3in",
    "caption": "This figure shows the paid amount per member per month (PMPM) for the top 10 lab procedure codes identified in Figure 7.4 for both the cohort and the comparison populations. Lab spend represents FFS + Plan Reported Amount; FFS amounts are sourced from MDW claims and Plan Reported amounts are sourced from MDW encounters.",
    "br": " "
  },
  {
    "secind": "07",
    "figind": "06",
    "section": "Lab",
    "row": "5",
    "title": "Table 7.6: Top Lab Procedure Codes for Managed Care",
    "path": "images/lab_top_codes_mc.html",
    "width": "8in",
    "height": "3in",
    "caption": "The above table contains the top 10 lab procedure codes (CPT) submitted via managed care encounters for the cohort based on number of lab claims. Lab spend represents FFS + Plan Reported Amount; FFS amounts are sourced from MDW claims and Plan Reported amounts are sourced from MDW encounters.",
    "br": ""
  },
  {
    "secind": "07",
    "figind": "07",
    "section": "Lab",
    "row": "6",
    "title": "Table 7.7: Top Lab Procedure Codes for Fee-for-Service",
    "path": "images/lab_top_codes_ffs.html",
    "width": "8in",
    "height": "3in",
    "caption": "The above table contains the top 10 lab procedure codes (CPT) submitted fee-for-service for the cohort based on number of lab claims. Lab spend represents FFS + Plan Reported Amount; FFS amounts are sourced from MDW claims and Plan Reported amounts are sourced from MDW encounters.",
    "br": ""
  },
  {
    "secind": "07",
    "figind": "08",
    "section": "Lab",
    "row": "7",
    "title": "Figure 7.8: Lab Claims by Place of Service",
    "path": "images/lab_place_table.html",
    "width": "7in",
    "height": "4.5in",
    "caption": "This table shows the count of lab claims and percent of total lab claims by place of service. The top 5 places of service are shown, and the remainder are reported under the 'OTHER' subtotal. Lab spend represents FFS + Plan Reported Amount; FFS amounts are sourced from MDW claims and Plan Reported amounts are sourced from MDW encounters.",
    "br": ""
  },
  {
    "secind": "08",
    "figind": "01",
    "section": "Quality",
    "row": "0",
    "title": "Table 8.1: Quality Measures - Access/Availability of Care",
    "path": "images/cdm_access.html",
    "width": "7in",
    "height": "4.5in",
    "caption": "\u25b2 indicates a higher measure result is desirable. \u25bc indicates a lower measure result is desirable. Cell sizes smaller than 30 are suppressed; for additional details about these measures, please see https://www.ncqa.org/hedis/measures/ or https://www.cms.gov/Medicare/Quality-Initiatives-Patient-Assessment-Instruments/QualityInitiativesGenInfo/Downloads/2020-QRS-Measure-Tech-Specs_20190925_508.pdf",
    "br": ""
  },
  {
    "secind": "08",
    "figind": "02",
    "section": "Quality",
    "row": "1",
    "title": "Table 8.2: Quality Measures - Behavioral Health",
    "path": "images/cdm_behavioral.html",
    "width": "7in",
    "height": "4.5in",
    "caption": "\u25b2 indicates a higher measure result is desirable. \u25bc indicates a lower measure result is desirable. Cell sizes smaller than 30 are suppressed; for additional details about these measures, please see https://www.ncqa.org/hedis/measures/ or https://www.cms.gov/Medicare/Quality-Initiatives-Patient-Assessment-Instruments/QualityInitiativesGenInfo/Downloads/2020-QRS-Measure-Tech-Specs_20190925_508.pdf",
    "br": ""
  },
    {
    "secind": "08",
    "figind": "03",
    "section": "Quality",
    "row": "2",
    "title": "Table 8.2a: Quality Measures - Behavioral Health - Follow-Ups",
    "path": "images/cdm_behavioral_fu.html",
    "width": "7in",
    "height": "4.5in",
    "caption": "\u25b2 indicates a higher measure result is desirable. \u25bc indicates a lower measure result is desirable. Cell sizes smaller than 30 are suppressed; for additional details about these measures, please see https://www.ncqa.org/hedis/measures/ or https://www.cms.gov/Medicare/Quality-Initiatives-Patient-Assessment-Instruments/QualityInitiativesGenInfo/Downloads/2020-QRS-Measure-Tech-Specs_20190925_508.pdf",
    "br": ""
  },
  {
    "secind": "08",
    "figind": "05",
    "section": "Quality",
    "row": "4",
    "title": "Table 8.3: Quality Measures - Pediatric Admission",
    "path": "images/cdm_ped.html",
    "width": "7in",
    "height": "4.5in",
    "caption": "\u25b2 indicates a higher measure result is desirable. \u25bc indicates a lower measure result is desirable. Cell sizes smaller than 30 are suppressed; for additional details about these measures, please see https://www.ncqa.org/hedis/measures/ or https://www.cms.gov/Medicare/Quality-Initiatives-Patient-Assessment-Instruments/QualityInitiativesGenInfo/Downloads/2020-QRS-Measure-Tech-Specs_20190925_508.pdf",
    "br": ""
  },
  {
    "secind": "08",
    "figind": "06",
    "section": "Quality",
    "row": "5",
    "title": "Table 8.4: Quality Measures - Prevention and Screening",
    "path": "images/cdm_prev.html",
    "width": "7in",
    "height": "4.5in",
    "caption": "\u25b2 indicates a higher measure result is desirable. \u25bc indicates a lower measure result is desirable. Cell sizes smaller than 30 are suppressed; for additional details about these measures, please see https://www.ncqa.org/hedis/measures/ or https://www.cms.gov/Medicare/Quality-Initiatives-Patient-Assessment-Instruments/QualityInitiativesGenInfo/Downloads/2020-QRS-Measure-Tech-Specs_20190925_508.pdf",
    "br": ""
  },
  {
    "secind": "08",
    "figind": "07",
    "section": "Quality",
    "row": "6",
    "title": "Table 8.5: Quality Measures - Respiratory Conditions",
    "path": "images/cdm_resp.html",
    "width": "7in",
    "height": "4.5in",
    "caption": "\u25b2 indicates a higher measure result is desirable. \u25bc indicates a lower measure result is desirable. Cell sizes smaller than 30 are suppressed; for additional details about these measures, please see https://www.ncqa.org/hedis/measures/ or https://www.cms.gov/Medicare/Quality-Initiatives-Patient-Assessment-Instruments/QualityInitiativesGenInfo/Downloads/2020-QRS-Measure-Tech-Specs_20190925_508.pdf",
    "br": ""
  }
]