{
	"TBL_MA_ENROLLMENT": "DATABOOK.MA_ENROLLMENT_V3",
	"TBL_PROG_MBR_TCC": "PROGOWN.PROG_MBR_TCC",
	"TBL_PROG_AUD": "PROGOWN.PROG_AUD",
	"TBL_CLAIM_TRANS": "MISOWN.CLAIM_TRANS",
	"TBL_MSR_RESULT_RY": "CDMOWN.MSR_RESULT_RY",
	"TBL_MSR_ELIG_RY":"CDMOWN.MSR_ELIG_RY",
	"TBL_MSR_RESULT_CY": "CDMOWN.MSR_RESULT_CY",
	"TBL_MSR_ELIG_CY": "CDMOWN.MSR_ELIG_CY",
	"TBL_MMM_MBR_EDC": "PROGOWN.MMM_MBR_EDC",
	"TBL_REF_CRG_EDC_MDC": "PMQIDEV.REF_CRG_EDC_MDC",
	"TBL_DD_LAB_CLM_FINAL": "PMQIDEV.DD_LAB_CLM_FINAL",
	"TBL_DRUGLIST1": "PMQIDEV.DRUGLIST1",
	"TBL_REGION_CW": "PMQIDEV.REGION_CW",
	"TBL_MMM_MBR_CRG": "PROGOWN.MMM_MBR_CRG",
	"TBL_REF_MMM_CRG": "PROGOWN.REF_MMM_CRG"
}